siteID,projectID,region,siteType,siteStatus
AINSKYLGA1,nn,Atlanta,R,R-O
ALCOKENGA1,nn,Atlanta,R,A
ALLERILGA1,nn,Atlanta,R,A
ANDEREBGA1,nn,Atlanta,R,R-O
ARABMOUGA1,nn,Atlanta,R,R-O
ARGYLESGA1,nn,Atlanta,R,A
ASTOLAUGA1,nn,Atlanta,R,A
BAKEBONGA1,nn,Atlanta,R,R-O
BEARJUSGA1,nn,Atlanta,R,A
BELMNIKGA1,nn,Atlanta,R,A
BINKJAMGA1,nn,Atlanta,R,A
BONNPATGA1,nn,Atlanta,R,R-O
BRADVALGA1,nn,Atlanta,R,A
BRAXBOBGA1,nn,Atlanta,R,A
BURNEESGA1,nn,Atlanta,R,R-O
CARTJOYGA1,nn,Atlanta,R,A
CASSKATGA1,nn,Atlanta,R,R-O
CHALMICGA1,nn,Atlanta,R,A
CHAMPAUGA1,nn,Atlanta,R,A
CHANSYLGA1,nn,Atlanta,R,A
CLAYRUSGA1,nn,Atlanta,R,R-O
COOKGLOGA1,nn,Atlanta,R,A
COOPEMSGA1,nn,Atlanta,R,A
CZEBANGGA1,nn,Atlanta,R,R-O
DAVICARGA1,nn,Atlanta,R,A
DAVIJENGA1,nn,Atlanta,R,R-O
DECKJASGA1,nn,Atlanta,R,R-O
DECKJASGA2,nn,Atlanta,R,A
DESIELAGA1,nn,Atlanta,R,A
DICKEMMGA1,nn,Atlanta,R,R-O
DIMMDIAGA1,nn,Atlanta,R,R-O
DISALINGA1,nn,Atlanta,R,A
DUKTJOHGA1,nn,Atlanta,R,R-O
DULUADVGA1,nn,Atlanta,R,A
EDWALINGA1,nn,Atlanta,R,A
ENDRCINGA1,nn,Atlanta,R,R-O
FALKSTEGA1,nn,Atlanta,R,R-O
FEDRMARGA1,nn,Atlanta,R,R-O
FERNBANGA1,nn,Atlanta,R,R-O
FLOWANGGA1,nn,Atlanta,R,A
FLOWPATGA1,nn,Atlanta,R,A
FURRMELGA1,nn,Atlanta,R,A
FUTCROBGA1,nn,Atlanta,R,R-O
GHILCOLGA1,nn,Atlanta,R,A
GITHFRAGA1,nn,Atlanta,R,R-O
GORDMARGA1,nn,Atlanta,R,A
GREERITGA1,nn,Atlanta,R,R-O
HAMINANGA1,nn,Atlanta,R,R-O
HARRMARGA1,nn,Atlanta,R,A
HARTDELGA1,nn,Atlanta,R,R-O
HAWKDIAGA1,nn,Atlanta,R,A
HEADDOTGA1,nn,Atlanta,R,A
HERBMIRGA1,nn,Atlanta,R,A
HEROBLUGA1,nn,Atlanta,R,A
HITTJODGA1,nn,Atlanta,R,A
HOGAMELGA1,nn,Atlanta,R,A
HOPKMARGA1,nn,Atlanta,R,A
HORNMARGA1,nn,Atlanta,R,R-O
HOUSJONGA1,nn,Atlanta,R,A
HOYTHARGA1,nn,Atlanta,R,A
JENKANGGA1,nn,Atlanta,R,R-O
JENKANGGA2,nn,Atlanta,R,A
JETTMELGA1,nn,Atlanta,R,R-O
JOHNSCOGA1,nn,Atlanta,R,A
JONEFAIGA1,nn,Atlanta,R,A
KILGJACGA1,nn,Atlanta,R,A
KIMBMARGA1,nn,Atlanta,R,A
KIPPVISGA1,nn,Atlanta,R,R-O
KOTCMELGA1,nn,Atlanta,R,A
KRENMARGA1,nn,Atlanta,R,A
KRIVMAUGA1,nn,Atlanta,R,A
LANTTOMGA1,nn,Atlanta,R,R-O
LEEDONGA1,nn,Atlanta,R,A
LENTTERGA1,nn,Atlanta,R,R-O
MARIJAYGA1,nn,Atlanta,R,R-O
MAYECINGA1,nn,Atlanta,R,R-O
MAYECINGA2,nn,Atlanta,R,R-O
MAYOAMAGA1,nn,Atlanta,R,R-O
MCCAANNGA1,nn,Atlanta,R,A
MCCABARGA1,nn,Atlanta,R,R-O
MILLELLGA1,nn,Atlanta,R,R-O
MURPMICGA1,nn,Atlanta,R,A
MURRSANGA1,nn,Atlanta,R,A
NEWMCHRGA1,nn,Atlanta,R,A
NICKAESGA1,nn,Atlanta,R,A
NORTLAUGA1,nn,Atlanta,R,A
PAINTOMGA1,nn,Atlanta,R,R-O
PAPPLISGA1,nn,Atlanta,R,A
PARKDIAGA1,nn,Atlanta,R,A
PLANANDGA1,nn,Atlanta,R,A
POVEANGGA1,nn,Atlanta,R,A
PRITANGGA1,nn,Atlanta,R,A
PROCSONGA1,nn,Atlanta,R,R-O
RICHLAUGA1,nn,Atlanta,R,R-O
RICHMSGA1,nn,Atlanta,R,A
RIVEPATGA1,nn,Atlanta,R,R-O
RIVEPATGA2,nn,Atlanta,R,R-O
RYLAJANGA1,nn,Atlanta,R,R-O
SAPPBILGA1,nn,Atlanta,R,A
SARUANJGA1,nn,Atlanta,R,A
SHERNYLGA1,nn,Atlanta,R,A
SMOKELEGA1,nn,Atlanta,R,A
STEPMARGA1,nn,Atlanta,R,A
STOKNITGA1,nn,Atlanta,R,R-O
STRAELEGA1,nn,Atlanta,R,A
SWALDAWGA1,nn,Atlanta,R,A
TALEKELGA1,nn,Atlanta,R,A
TIDMLOUGA1,nn,Atlanta,R,R-O
TOTHCARGA1,nn,Atlanta,R,A
TRACBRIGA1,nn,Atlanta,R,A
WICHJOHGA1,nn,Atlanta,R,A
WILEKATGA1,nn,Atlanta,R,R-O
WILLMARGA1,nn,Atlanta,R,R-O
WINSEMIGA1,nn,Atlanta,R,A
WISSSTEGA1,nn,Atlanta,R,A
WOODMIDGA1,nn,Atlanta,R,A
ZARYPEGGA1,nn,Atlanta,R,R-O
ADAMELEVA1,nn,DC,R,D
AMERICOMD1,nn,DC,R,D
ANACMUSDC1,nn,DC,R,D
ANDEMIKMD1,nn,DC,R,D
ANDRKENVA1,nn,DC,R,A
ARLINESVA1,nn,DC,R,A
ASSMCARMD1,nn,DC,R,A
BAILEESVA1,nn,DC,R,A
BAINANDMD1,nn,DC,R,R-O
BAKEKYLDC1,nn,DC,R,D
BALAELEMD1,nn,DC,R,D
BALASUCMD1,nn,DC,R,A
BANCRESDC1,nn,DC,R,A
BARBJERMD1,nn,DC,R,A
BARNDORMD1,nn,DC,R,R-O
BAUGSHEVA1,nn,DC,R,A
BEALTOMMD1,nn,DC,R,A
BERGMICMD1,nn,DC,R,D
BERNCHRMD1,nn,DC,R,D
BILLPAIDC1,nn,DC,R,A
BLADENSDC1,nn,DC,R,R-O
BLANBETMD1,nn,DC,R,A
BLOCDAVMD1,nn,DC,R,A
BOONGREMD1,nn,DC,R,R-O
BOONGREMD2,nn,DC,R,A
BORGRACMD1,nn,DC,R,D
BOSCJOEDC1,nn,DC,R,A
BRENSTEMD1,nn,DC,R,R-O
BRENTESDC1,nn,DC,R,R-O
BRIGKIMMD1,nn,DC,R,A
BRIGPAUMD1,nn,DC,R,D
BROOKSIMD1,nn,DC,R,R-O
BROWANNDC1,nn,DC,R,A
BROWANNMD1,nn,DC,R,A
BRUEELIMD1,nn,DC,R,D
BUCKLMSMD1,nn,DC,R,A
BUISNORVA1,nn,DC,R,A
BURDROBVA1,nn,DC,R,A
BURKSANMD1,nn,DC,R,D
BURNNANMD1,nn,DC,R,R-O
BURRANDMD1,nn,DC,R,D
BURRANDMD2,nn,DC,R,D
CAHAGABMD1,nn,DC,R,A
CAINBRIMD1,nn,DC,R,D
CALLJERMD1,nn,DC,R,D
CAMPGLOMD1,nn,DC,R,A
CAMPLIBMD1,nn,DC,R,R-O
CAMPROSMD1,nn,DC,R,A
CANTBOBMD1,nn,DC,R,D
CAPITCSDC1,nn,DC,R,A
CARLSHIMD1,nn,DC,R,D
CAUSSUSMD1,nn,DC,R,A
CLARCOLDC1,nn,DC,R,R-O
CLARKELMD1,nn,DC,R,D
COFFMICMD1,nn,DC,R,D
COLALISMD1,nn,DC,R,A
COLSKATMD1,nn,DC,R,A
CONAGAIMD1,nn,DC,R,D
CONNBARMD1,nn,DC,R,D
CORCJOEMD1,nn,DC,R,D
CORCJOEMD2,nn,DC,R,D
COTTCITMD1,nn,DC,R,D
COULMARMD1,nn,DC,R,D
COURLESDC1,nn,DC,R,D
COWLANDMD1,nn,DC,R,D
CRONCHRVA1,nn,DC,R,D
CRONCHRVA2,nn,DC,R,A
CYLBURNMD1,nn,DC,R,D
CYMRHELDC1,nn,DC,R,A
CYRUALLMD1,nn,DC,R,D
DALEELIMD1,nn,DC,R,A
DANIBARMD1,nn,DC,R,D
DANIBARMD2,nn,DC,R,D
DAVIALIVA1,nn,DC,R,R-O
DAVIKELVA1,nn,DC,R,A
DECHKIMMD1,nn,DC,R,D
DECHKIMMD2,nn,DC,R,R-O
DELUBILMD1,nn,DC,R,D
DELUKARVA1,nn,DC,R,R-O
DELUKARVA2,nn,DC,R,A
DODGEESMD1,nn,DC,R,A
DONOLORDC1,nn,DC,R,D
DONOLORDC2,nn,DC,R,A
DORNROBMD1,nn,DC,R,D
DRAKBERMD1,nn,DC,R,D
DUELCREMD1,nn,DC,R,D
EARLNANMD1,nn,DC,R,D
EDEREDWVA1,nn,DC,R,R-O
EGANMARMD1,nn,DC,R,A
EGGELESVA1,nn,DC,R,A
ENZIKIRMD1,nn,DC,R,D
EVANMICMD1,nn,DC,R,A
FAGABERMD1,nn,DC,R,R-O
FARYSIMMD1,nn,DC,R,A
FERRSUEMD1,nn,DC,R,D
FISHFERVA1,nn,DC,R,A
FOLEMARMD1,nn,DC,R,D
FOOSDAVVA1,nn,DC,R,D
FORCBREVA1,nn,DC,R,D
FORESESMD1,nn,DC,R,A
FREYFREMD1,nn,DC,R,A
FUISLISVA1,nn,DC,R,R-O
FUISLISVA2,nn,DC,R,A
FUTRIVAVA1,nn,DC,R,D
GAETHEAMD1,nn,DC,R,A
GALETANMD1,nn,DC,R,D
GALLMONVA1,nn,DC,R,R-O
GALLTERMD1,nn,DC,R,A
GARDVALMD1,nn,DC,R,R-O
GECACARVA1,nn,DC,R,A
GEHRDALMD1,nn,DC,R,D
GELLNERMD1,nn,DC,R,D
GERYERIMD1,nn,DC,R,A
GIBSELAMD1,nn,DC,R,D
GIESALLVA1,nn,DC,R,D
GILLEVAMD1,nn,DC,R,D
GIRAANGMD1,nn,DC,R,A
GOCHJOAMD1,nn,DC,R,A
GOMEKARMD1,nn,DC,R,A
GORDELIDC1,nn,DC,R,D
GOROCARDC1,nn,DC,R,A
GOUGGREMD1,nn,DC,R,D
GRIFBETDC1,nn,DC,R,D
GROSJEAMD1,nn,DC,R,D
HADDMARMD1,nn,DC,R,D
HALLDEBVA1,nn,DC,R,D
HAMIMARMD1,nn,DC,R,R-O
HAMMBARMD1,nn,DC,R,D
HANNNANMD1,nn,DC,R,A
HARRPHYMD1,nn,DC,R,D
HARTPRIMD1,nn,DC,R,D
HARWRANDC1,nn,DC,R,D
HAWNJANVA1,nn,DC,R,R-O
HAYFISCVA1,nn,DC,R,A
HEATSUEVA1,nn,DC,R,D
HELFGAIMD1,nn,DC,R,D
HERBJOAMD1,nn,DC,R,D
HERNELEVA1,nn,DC,R,A
HESSNATVA1,nn,DC,R,D
HIRSHHODC1,nn,DC,R,D
HITCHBJMD1,nn,DC,R,D
HOROBONVA1,nn,DC,R,A
HULLJEFVA1,nn,DC,R,A
HUNTBRIMD1,nn,DC,R,D
HUNTDAVMD1,nn,DC,R,D
HUNTDAVMD2,nn,DC,R,A
HUTCBARVA1,nn,DC,R,A
JACKALADC1,nn,DC,R,A
JACOAMYMD1,nn,DC,R,D
JACOMERMD1,nn,DC,R,A
JACOSYDMD1,nn,DC,R,A
JAKOELVVA1,nn,DC,R,A
JAMESESVA1,nn,DC,R,A
JEWELIBMD1,nn,DC,R,R-O
JOHNAESVA1,nn,DC,R,A
JOHNTHEMD1,nn,DC,R,D
JONECBRMD1,nn,DC,R,D
JORABONVA1,nn,DC,R,D
JUBILHODC1,nn,DC,R,R-O
KAMILEIVA1,nn,DC,R,A
KAUFLAUMD1,nn,DC,R,D
KAUFRAYMD1,nn,DC,R,D
KENILWODC1,nn,DC,R,R-O
KESTSABDC1,nn,DC,R,A
KEYESUSMD1,nn,DC,R,A
KIMBAESDC1,nn,DC,R,R-O
KINDFARMD1,nn,DC,R,R-O
KINGMANDC1,nn,DC,R,R-O
KNIGSALVA1,nn,DC,R,A
KORRHARMD1,nn,DC,R,R-O
KOSLDREMD1,nn,DC,R,D
KRAMPAUMD1,nn,DC,R,D
LAFOMELVA1,nn,DC,R,A
LAKEAESVA1,nn,DC,R,A
LAMBAMYMD1,nn,DC,R,A
LANDCELVA1,nn,DC,R,A
LANGANKVA1,nn,DC,R,A
LEONTESDC1,nn,DC,R,A
LERNJEFMD1,nn,DC,R,D
LIEBJUDMD1,nn,DC,R,A
LINDHANMD1,nn,DC,R,A
LLANMATMD1,nn,DC,R,D
LLEISUEDC1,nn,DC,R,D
LORAJORMD1,nn,DC,R,D
LUCAJILMD1,nn,DC,R,A
LUCIDANMD1,nn,DC,R,D
LYCEEESMD1,nn,DC,R,A
LYONLYNVA1,nn,DC,R,R-O
MAGNDAVMD1,nn,DC,R,D
MAGRPARMD1,nn,DC,R,R-O
MAHOJIMMD1,nn,DC,R,R-O
MALLBARMD1,nn,DC,R,D
MANNJANDC1,nn,DC,R,A
MARRPETMD1,nn,DC,R,D
MARRPETMD2,nn,DC,R,A
MASIADRMD1,nn,DC,R,D
MASORICMD1,nn,DC,R,D
MAZUJENMD1,nn,DC,R,A
MCCAKEVMD1,nn,DC,R,A
MCCOCHRMD1,nn,DC,R,A
MCCOJOHMD1,nn,DC,R,D
MCDOELIVA1,nn,DC,R,A
MCGHDENMD1,nn,DC,R,D
MCKEANNVA1,nn,DC,R,D
MCKEJANMD1,nn,DC,R,D
MCLERICMD1,nn,DC,R,D
MCNAKRIMD1,nn,DC,R,A
MEGOPATMD1,nn,DC,R,D
MEGOPATMD2,nn,DC,R,A
MERRJOAMD1,nn,DC,R,D
MESEBARMD1,nn,DC,R,D
MILLJOEMD1,nn,DC,R,R-O
MILLLORVA1,nn,DC,R,R-O
MILLPAUMD1,nn,DC,R,D
MILTMIKVA1,nn,DC,R,R-O
MISBJANMD1,nn,DC,R,D
MISSEDDC1,nn,DC,R,R-O
MITCBARMD1,nn,DC,R,D
MOLIKARMD1,nn,DC,R,A
MORAANGMD1,nn,DC,R,D
MORAJANMD1,nn,DC,R,D
MORRCHRVA1,nn,DC,R,A
MORRJESMD1,nn,DC,R,D
MOSMCARMD1,nn,DC,R,A
MULLJOYVA1,nn,DC,R,A
MURTERIMD1,nn,DC,R,D
MUTRCYNMD1,nn,DC,R,D
MUTRCYNVA1,nn,DC,R,D
MUTRCYNVA2,nn,DC,R,A
MYERBRUMD1,nn,DC,R,A
NARADESVA1,nn,DC,R,R-O
NATICATDC1,nn,DC,R,D
NATIGALDC1,nn,DC,R,D
NAYLMICMD1,nn,DC,R,R-O
NAYLMICMD2,nn,DC,R,A
NEWBCARVA1,nn,DC,R,A
NICHALIMD1,nn,DC,R,D
NICHSANMD1,nn,DC,R,D
NORTHESMD1,nn,DC,R,D
NZPAMAZDC1,nn,DC,R,A
NZPBIRDDC1,nn,DC,R,A
NZPEDZODC1,nn,DC,R,R-O
NZPFRONVA1,nn,DC,R,D
NZPSMBCDC1,nn,DC,R,A
OBRICHRMD1,nn,DC,R,A
ODELVINMD1,nn,DC,R,D
ODELVINMD2,nn,DC,R,A
OLONMARDC1,nn,DC,R,A
OMLAKEVMD1,nn,DC,R,R-O
ONTAHOUDC1,nn,DC,R,A
OWENDORVA1,nn,DC,R,A
OWENJOHMD1,nn,DC,R,D
OWENKATMD1,nn,DC,R,A
PADORAMVA1,nn,DC,R,A
PALPARKDC1,nn,DC,R,R-O
PANCSAMMD1,nn,DC,R,D
PATCLORDC1,nn,DC,R,A
PATSNADMD1,nn,DC,R,D
PATTPARMD1,nn,DC,R,R-O
PERNMIKMD1,nn,DC,R,A
PERRCHRMD1,nn,DC,R,A
PHARAIMMD1,nn,DC,R,A
PHELCLADC1,nn,DC,R,D
PICCLINMD1,nn,DC,R,D
PICKCREMD1,nn,DC,R,R-O
PIROELADC1,nn,DC,R,A
POORLYNMD1,nn,DC,R,D
PORTTESMD1,nn,DC,R,R-O
RABIANDMD1,nn,DC,R,D
RAUCDANMD1,nn,DC,R,D
RAUNERIMD1,nn,DC,R,D
RAUNERIMD2,nn,DC,R,A
RAYTIMMD1,nn,DC,R,D
RCPCG1DC1,nn,DC,R,D
RCPDP1DC1,nn,DC,R,D
RCPHC1DC1,nn,DC,R,D
RCPHC2DC1,nn,DC,R,D
RCPKM1DC1,nn,DC,R,D
RCPNC1DC1,nn,DC,R,D
RCPPH1DC1,nn,DC,R,D
RCPPH2DC1,nn,DC,R,D
RCPPH3DC1,nn,DC,R,D
RCPPM1DC1,nn,DC,R,D
RCPPM2DC1,nn,DC,R,D
RCPRR1DC1,nn,DC,R,D
RCPRS1DC1,nn,DC,R,D
RCPSMBCDC1,nn,DC,R,A
RCSVPARMD1,nn,DC,R,D
REIKROBMD1,nn,DC,R,D
REILJENMD1,nn,DC,R,D
REIRJEAMD1,nn,DC,R,D
REITBOBMD1,nn,DC,R,A
REUTSHAMD1,nn,DC,R,R-O
RICHLIBMD1,nn,DC,R,D
ROGHTESMD1,nn,DC,R,R-O
ROHRSALMD1,nn,DC,R,A
ROSAPESMD1,nn,DC,R,R-O
ROTHPAUVA1,nn,DC,R,D
RUSSJODMD1,nn,DC,R,R-O
SALAJENMD1,nn,DC,R,D
SALOSHEMD1,nn,DC,R,A
SANFCARMD1,nn,DC,R,A
SARGMARMD1,nn,DC,R,A
SCHILYDMD1,nn,DC,R,D
SCHIMARMD1,nn,DC,R,A
SCHLROBMD1,nn,DC,R,A
SCHOPAUMD1,nn,DC,R,D
SCHUDONMD1,nn,DC,R,D
SCOLWENMD1,nn,DC,R,D
SEMMLUTMD1,nn,DC,R,D
SERCGUEMD1,nn,DC,R,D
SHAYSARMD1,nn,DC,R,D
SHEEMARMD1,nn,DC,R,D
SILLSCOMD1,nn,DC,R,A
SIMMJOAVA1,nn,DC,R,D
SIMOROSVA1,nn,DC,R,D
SINGDADMD1,nn,DC,R,R-O
SINGTONMD1,nn,DC,R,D
SINGVIRDC1,nn,DC,R,A
SMITMARMD1,nn,DC,R,D
SOLIAPRMD1,nn,DC,R,A
SOLLCHRMD1,nn,DC,R,A
SPEYPAUMD1,nn,DC,R,D
STANJEFMD1,nn,DC,R,A
STAVKORMD1,nn,DC,R,D
STEWBETMD1,nn,DC,R,A
STORPATMD1,nn,DC,R,D
STUECHRVA1,nn,DC,R,D
STUECHRVA2,nn,DC,R,A
STURCARMD1,nn,DC,R,R-O
SUBRSTEMD1,nn,DC,R,R-O
SUITKATMD1,nn,DC,R,D
SULLPAUVA1,nn,DC,R,R-O
SWANELIMD1,nn,DC,R,D
TANGLAUDC1,nn,DC,R,A
TANKLAUDC1,nn,DC,R,R-O
TATEJUAMD1,nn,DC,R,A
TAYLGLOMD1,nn,DC,R,D
TAYLOESVA1,nn,DC,R,D
THOMCARMD1,nn,DC,R,D
THOMMARDC1,nn,DC,R,D
THOMSUEMD1,nn,DC,R,D
TINIKATMD1,nn,DC,R,D
TRAUPATVA1,nn,DC,R,D
TRAUPATVA2,nn,DC,R,A
TUFTKATMD1,nn,DC,R,D
TUNICATMD1,nn,DC,R,D
UNGELAUDC1,nn,DC,R,D
UNK,nn,DC,R,R-O
URBABETMD1,nn,DC,R,D
VERSBETMD1,nn,DC,R,A
VERSBETMD2,nn,DC,R,A
VONGJENMD1,nn,DC,R,A
VOSSCOLVA1,nn,DC,R,A
WALKPATVA1,nn,DC,R,D
WALTBONMD1,nn,DC,R,D
WAPLEESVA1,nn,DC,R,A
WARDDOUVA1,nn,DC,R,R-O
WATSPATDC1,nn,DC,R,D
WELLCARMD1,nn,DC,R,D
WHEAWOOMD1,nn,DC,R,R-O
WHITLAUDC1,nn,DC,R,D
WIEBFRAMD1,nn,DC,R,A
WIKACORMD1,nn,DC,R,A
WILDANNVA1,nn,DC,R,R-O
WILDANNVA2,nn,DC,R,A
WILELINMD1,nn,DC,R,R-O
WILLCYNVA1,nn,DC,R,D
WILLMARVA1,nn,DC,R,A
WILLRAJMD1,nn,DC,R,A
WILLTERMD1,nn,DC,R,A
WILLTINVA1,nn,DC,R,A
WINGJERMD1,nn,DC,R,D
WISECELMD1,nn,DC,R,A
WOLFAMYDC1,nn,DC,R,A
WOLFKARDC1,nn,DC,R,R-O
WOODELEVA1,nn,DC,R,A
WOODPAUVA1,nn,DC,R,A
WOODROWVA1,nn,DC,R,R-O
WRIGNOAMD1,nn,DC,R,D
WRIGVENMD1,nn,DC,R,R-O
YOUNELIMD1,nn,DC,R,A
YOUNKIMVA1,nn,DC,R,A
ZAMBTRAMD1,nn,DC,R,A
ZEMKSYDVA1,nn,DC,R,A
ZENKBOBMD1,nn,DC,R,D
AAROJESFL1,nn,Gainesville,R,R-O
ADAMVICFL1,nn,Gainesville,R,R-O
ANDRJENFL1,nn,Gainesville,R,R-O
BANDCATFL1,nn,Gainesville,R,R-O
BLAUVICFL1,nn,Gainesville,R,R-O
BLOOLEEFL1,nn,Gainesville,R,R-O
BOUGROBFL1,nn,Gainesville,R,R-O
BREMSARFL1,nn,Gainesville,R,R-O
BRYAANGFL1,nn,Gainesville,R,R-O
CAMPGINFL1,nn,Gainesville,R,R-O
CAMPPAUFL1,nn,Gainesville,R,R-O
CARLDAVFL1,nn,Gainesville,R,R-O
CARRVIRFL1,nn,Gainesville,R,R-O
CASEANNFL1,nn,Gainesville,R,R-O
CHERNADFL1,nn,Gainesville,R,R-O
CHURCARFL1,nn,Gainesville,R,R-O
CIBUJEAFL1,nn,Gainesville,R,R-O
COCKNICFL1,nn,Gainesville,R,R-O
COCKTERFL1,nn,Gainesville,R,R-O
COLLCLAFL1,nn,Gainesville,R,R-O
COLLKEIFL1,nn,Gainesville,R,R-O
COXANDFL1,nn,Gainesville,R,R-O
CROSLEXFL1,nn,Gainesville,R,R-O
DAYLAUFL1,nn,Gainesville,R,R-O
DEENSHEFL1,nn,Gainesville,R,R-O
DOUGSANFL1,nn,Gainesville,R,R-O
DOWBENFL1,nn,Gainesville,R,R-O
DOYLJAMFL1,nn,Gainesville,R,R-O
DUFFSHAFL1,nn,Gainesville,R,R-O
ELLIJONFL1,nn,Gainesville,R,R-O
ENNEBECFL1,nn,Gainesville,R,R-O
EWINSAMFL1,nn,Gainesville,R,R-O
FAULCRAFL1,nn,Gainesville,R,R-O
FIGUCHAFL1,nn,Gainesville,R,R-O
FLAGMARFL1,nn,Gainesville,R,R-O
FLAMSCOFL1,nn,Gainesville,R,R-O
FREEJOHFL1,nn,Gainesville,R,R-O
FULLPAMFL1,nn,Gainesville,R,R-O
GIRLPLAFL1,nn,Gainesville,R,R-O
GOWAGEOFL1,nn,Gainesville,R,R-O
GOWAJOAFL1,nn,Gainesville,R,R-O
GRANIANFL1,nn,Gainesville,R,R-O
GRINJENFL1,nn,Gainesville,R,R-O
HALLGRAFL1,nn,Gainesville,R,R-O
HANLCORFL1,nn,Gainesville,R,R-O
HAZZIANFL1,nn,Gainesville,R,R-O
HEINANNFL1,nn,Gainesville,R,R-O
HENJELAFL1,nn,Gainesville,R,R-O
HERRJAYFL1,nn,Gainesville,R,R-O
HOSTMARFL1,nn,Gainesville,R,R-O
HOUSEPREFL1,nn,Gainesville,R,R-O
INGRBENFL1,nn,Gainesville,R,R-O
JACOSUSFL1,nn,Gainesville,R,R-O
JONEHARFL1,nn,Gainesville,R,R-O
KENTADAFL1,nn,Gainesville,R,R-O
KLUBKARFL1,nn,Gainesville,R,R-O
KNOXMIKFL1,nn,Gainesville,R,R-O
KORNHARFL1,nn,Gainesville,R,R-O
KOWAELIFL1,nn,Gainesville,R,R-O
KRATANDFL1,nn,Gainesville,R,R-O
LAMMLAUFL1,nn,Gainesville,R,R-O
LAUESARFL1,nn,Gainesville,R,R-O
LICHJERFL1,nn,Gainesville,R,R-O
LISVINFL1,nn,Gainesville,R,D
LOUWLISFL1,nn,Gainesville,R,R-O
LOWRSTEFL1,nn,Gainesville,R,R-O
LUISJONFL1,nn,Gainesville,R,R-O
MACHCHRFL1,nn,Gainesville,R,R-O
MANEXXXFL1,nn,Gainesville,R,R-O
MCCOWALFL1,nn,Gainesville,R,R-O
MILLKARFL1,nn,Gainesville,R,R-O
MILLMARFL1,nn,Gainesville,R,R-O
NATUAREFL1,nn,Gainesville,R,R-O
NOSSANDFL1,nn,Gainesville,R,R-O
ONEAJACFL1,nn,Gainesville,R,R-O
PALUMATFL1,nn,Gainesville,R,R-O
PERRJULFL1,nn,Gainesville,R,D
PFEIJOHFL1,nn,Gainesville,R,R-O
PLACGIRFL1,nn,Gainesville,R,R-O
PLAZBUTFL1,nn,Gainesville,R,R-O
PRESHOUFL1,nn,Gainesville,R,A
PRESPENFL1,nn,Gainesville,R,R-O
PROWGARFL1,nn,Gainesville,R,R-O
ROBIRONFL1,nn,Gainesville,R,R-O
ROBISCOFL1,nn,Gainesville,R,R-O
SHAHMAUFL1,nn,Gainesville,R,R-O
SILVCELFL1,nn,Gainesville,R,R-O
STEPGREFL1,nn,Gainesville,R,R-O
STRARICFL1,nn,Gainesville,R,R-O
SUARERIFL1,nn,Gainesville,R,R-O
VONMGREFL1,nn,Gainesville,R,D
WATSJOSFL1,nn,Gainesville,R,R-O
WEBBTOMFL1,nn,Gainesville,R,R-O
WELLBREFL1,nn,Gainesville,R,R-O
WHITLIZFL1,nn,Gainesville,R,R-O
WILLJIMFL1,nn,Gainesville,R,R-O
WILLNAHFL1,nn,Gainesville,R,R-O
WINTCHAFL1,nn,Gainesville,R,R-O
YOPPINCFL1,nn,Gainesville,R,R-O
ALBEJOAPA1,nn,Pittsburgh,R,R-O
ALBEJOAPA1,nn,Pittsburgh,R,A
ALCACHLPA1,nn,Pittsburgh,R,R-O
ALCACHLPA1,nn,Pittsburgh,R,A
ALEXROBPA1,nn,Pittsburgh,R,R-O
ALEXROBPA1,nn,Pittsburgh,R,A
AMANDRUPA1,nn,Pittsburgh,R,R-O
AMANDRUPA1,nn,Pittsburgh,R,A
ANDEBRUPA1,nn,Pittsburgh,R,R-O
ANDEBRUPA1,nn,Pittsburgh,R,A
ARNDKARPA1,nn,Pittsburgh,R,R-O
ARNDKARPA1,nn,Pittsburgh,R,A
AZARCARPA1,nn,Pittsburgh,R,R-O
AZARCARPA1,nn,Pittsburgh,R,A
BAERMIKPA1,nn,Pittsburgh,R,R-O
BAERMIKPA1,nn,Pittsburgh,R,A
BALDARTPA1,nn,Pittsburgh,R,R-O
BALDARTPA1,nn,Pittsburgh,R,A
BARTTARPA1,nn,Pittsburgh,R,R-O
BARTTARPA1,nn,Pittsburgh,R,A
BECIBARPA1,nn,Pittsburgh,R,R-O
BECIBARPA1,nn,Pittsburgh,R,A
BERASHEPA1,nn,Pittsburgh,R,R-O
BERASHEPA1,nn,Pittsburgh,R,A
BERGANDPA1,nn,Pittsburgh,R,R-O
BERGANDPA1,nn,Pittsburgh,R,A
BERNJUNPA1,nn,Pittsburgh,R,R-O
BERNJUNPA1,nn,Pittsburgh,R,A
BERNKENPA1,nn,Pittsburgh,R,R-O
BERNKENPA1,nn,Pittsburgh,R,A
BEVIPETEPA1,nn,Pittsburgh,R,A
BEVIPETPA1,nn,Pittsburgh,R,R-O
BEVIPETPA1,nn,Pittsburgh,R,A
BIREROYPA1,nn,Pittsburgh,R,R-O
BIREROYPA1,nn,Pittsburgh,R,A
BODNGEOPA1,nn,Pittsburgh,R,R-O
BODNGEOPA1,nn,Pittsburgh,R,A
BOREJOYPA1,nn,Pittsburgh,R,R-O
BOREJOYPA1,nn,Pittsburgh,R,A
BOREJOYPA2,nn,Pittsburgh,R,A
BOSAJOEPA1,nn,Pittsburgh,R,R-O
BOSAJOEPA1,nn,Pittsburgh,R,A
BOZESARPA1,nn,Pittsburgh,R,R-O
BOZESARPA1,nn,Pittsburgh,R,A
BRUNKIMPA1,nn,Pittsburgh,R,R-O
BRUNKIMPA1,nn,Pittsburgh,R,A
BYERHEAPA1,nn,Pittsburgh,R,R-O
BYERHEAPA1,nn,Pittsburgh,R,A
CASACORPA1,nn,Pittsburgh,R,R-O
CASACORPA1,nn,Pittsburgh,R,A
CASESUEPA1,nn,Pittsburgh,R,R-O
CASESUEPA1,nn,Pittsburgh,R,A
CHIOKELPA1,nn,Pittsburgh,R,R-O
CHIOKELPA1,nn,Pittsburgh,R,A
COCHJIMPA1,nn,Pittsburgh,R,R-O
COCHJIMPA1,nn,Pittsburgh,R,A
COLSREBPA1,nn,Pittsburgh,R,R-O
COLSREBPA1,nn,Pittsburgh,R,A
COMAPATPA1,nn,Pittsburgh,R,R-O
COMAPATPA1,nn,Pittsburgh,R,A
COPEHAZPA1,nn,Pittsburgh,R,R-O
COPEHAZPA1,nn,Pittsburgh,R,A
CROYKATPA1,nn,Pittsburgh,R,A
CUNKMARPA1,nn,Pittsburgh,R,R-O
CUNKMARPA1,nn,Pittsburgh,R,A
CUSHAMYPA1,nn,Pittsburgh,R,R-O
CUSHAMYPA1,nn,Pittsburgh,R,A
DAMIMARPA1,nn,Pittsburgh,R,R-O
DAMIMARPA1,nn,Pittsburgh,R,A
DEMAMARPA1,nn,Pittsburgh,R,R-O
DEMAMARPA1,nn,Pittsburgh,R,A
DEMAPATPA1,nn,Pittsburgh,R,R-O
DEMAPATPA1,nn,Pittsburgh,R,A
DEPHKATPA1,nn,Pittsburgh,R,R-O
DEPHKATPA1,nn,Pittsburgh,R,A
DICKSUSPA1,nn,Pittsburgh,R,R-O
DICKSUSPA1,nn,Pittsburgh,R,A
DILLSHIPA1,nn,Pittsburgh,R,R-O
DILLSHIPA1,nn,Pittsburgh,R,A
DOJOSUEPA1,nn,Pittsburgh,R,R-O
DOJOSUEPA1,nn,Pittsburgh,R,A
DOMENATPA1,nn,Pittsburgh,R,R-O
DOMENATPA1,nn,Pittsburgh,R,A
DONLEDPA1,nn,Pittsburgh,R,R-O
DONLEDPA1,nn,Pittsburgh,R,A
DOUTMARPA1,nn,Pittsburgh,R,R-O
DOUTMARPA1,nn,Pittsburgh,R,A
DWORBARPA1,nn,Pittsburgh,R,R-O
DWORBARPA1,nn,Pittsburgh,R,A
ECKLJULPA1,nn,Pittsburgh,R,R-O
ECKLJULPA1,nn,Pittsburgh,R,A
ELINEDPA1,nn,Pittsburgh,R,R-O
ELINEDPA1,nn,Pittsburgh,R,A
ENVICHAPA1,nn,Pittsburgh,R,R-O
ENVICHAPA1,nn,Pittsburgh,R,A
FARRAMYPA1,nn,Pittsburgh,R,R-O
FARRAMYPA1,nn,Pittsburgh,R,A
FECHMARPA1,nn,Pittsburgh,R,R-O
FECHMARPA1,nn,Pittsburgh,R,A
FERKHOLPA1,nn,Pittsburgh,R,R-O
FERKHOLPA1,nn,Pittsburgh,R,A
FOYLDONPA1,nn,Pittsburgh,R,R-O
FOYLDONPA1,nn,Pittsburgh,R,A
GALVLIBPA1,nn,Pittsburgh,R,R-O
GALVLIBPA1,nn,Pittsburgh,R,A
GALVLIBPA2,nn,Pittsburgh,R,A
GERBGIGPA1,nn,Pittsburgh,R,R-O
GERBGIGPA1,nn,Pittsburgh,R,A
GERHEUNPA1,nn,Pittsburgh,R,A
GETZGLEPA1,nn,Pittsburgh,R,R-O
GETZGLEPA1,nn,Pittsburgh,R,A
GRANLINPA1,nn,Pittsburgh,R,R-O
GRANLINPA1,nn,Pittsburgh,R,A
GUARMARPA1,nn,Pittsburgh,R,R-O
GUARMARPA1,nn,Pittsburgh,R,A
GURTMARPA1,nn,Pittsburgh,R,R-O
GURTMARPA1,nn,Pittsburgh,R,A
HANDLINPA1,nn,Pittsburgh,R,R-O
HANDLINPA1,nn,Pittsburgh,R,A
HARVJILPA1,nn,Pittsburgh,R,R-O
HARVJILPA1,nn,Pittsburgh,R,A
HASHTAMPA1,nn,Pittsburgh,R,R-O
HASHTAMPA1,nn,Pittsburgh,R,A
HATFGREPA1,nn,Pittsburgh,R,R-O
HATFGREPA1,nn,Pittsburgh,R,A
HAUSJIMPA1,nn,Pittsburgh,R,R-O
HAUSJIMPA1,nn,Pittsburgh,R,A
HAWKTERPA1,nn,Pittsburgh,R,R-O
HAWKTERPA1,nn,Pittsburgh,R,A
HEALMOLPA1,nn,Pittsburgh,R,A
HICKBARPA1,nn,Pittsburgh,R,R-O
HICKBARPA1,nn,Pittsburgh,R,A
HIGHRIVPA1,nn,Pittsburgh,R,A
HOOVJASPA1,nn,Pittsburgh,R,R-O
HOOVJASPA1,nn,Pittsburgh,R,A
HOPEDONPA1,nn,Pittsburgh,R,R-O
HOPEDONPA1,nn,Pittsburgh,R,A
HOPEGREPA1,nn,Pittsburgh,R,R-O
HOPEGREPA1,nn,Pittsburgh,R,A
HUNTVIRPA1,nn,Pittsburgh,R,R-O
HUNTVIRPA1,nn,Pittsburgh,R,A
HYJUMIKPA1,nn,Pittsburgh,R,R-O
HYJUMIKPA1,nn,Pittsburgh,R,A
JEFFMARPA1,nn,Pittsburgh,R,R-O
JEFFMARPA1,nn,Pittsburgh,R,A
JOHNJUDPA1,nn,Pittsburgh,R,R-O
JOHNJUDPA1,nn,Pittsburgh,R,A
JONENICPA1,nn,Pittsburgh,R,R-O
JONENICPA1,nn,Pittsburgh,R,A
JOSELINPA1,nn,Pittsburgh,R,A
KARMALYPA1,nn,Pittsburgh,R,R-O
KARMALYPA1,nn,Pittsburgh,R,A
KARMALYPA2,nn,Pittsburgh,R,A
KELLERIPA1,nn,Pittsburgh,R,R-O
KELLERIPA1,nn,Pittsburgh,R,A
KENNALAPA1,nn,Pittsburgh,R,R-O
KENNALAPA1,nn,Pittsburgh,R,A
KILEHAYPA1,nn,Pittsburgh,R,R-O
KILEHAYPA1,nn,Pittsburgh,R,A
KINGHOPPA1,nn,Pittsburgh,R,R-O
KINGHOPPA1,nn,Pittsburgh,R,A
KIRSCHRPA1,nn,Pittsburgh,R,R-O
KIRSCHRPA1,nn,Pittsburgh,R,A
KOBEDANPA1,nn,Pittsburgh,R,R-O
KOBEDANPA1,nn,Pittsburgh,R,A
KOCHDONPA1,nn,Pittsburgh,R,R-O
KOCHDONPA1,nn,Pittsburgh,R,A
KOPCTOMPA1,nn,Pittsburgh,R,R-O
KOPCTOMPA1,nn,Pittsburgh,R,A
KOSAMICPA1,nn,Pittsburgh,R,R-O
KOSAMICPA1,nn,Pittsburgh,R,A
KRESMARPA1,nn,Pittsburgh,R,R-O
KRESMARPA1,nn,Pittsburgh,R,A
KUMASUPPA1,nn,Pittsburgh,R,R-O
KUMASUPPA1,nn,Pittsburgh,R,A
LARSLIDPA1,nn,Pittsburgh,R,R-O
LARSLIDPA1,nn,Pittsburgh,R,A
LATTSTEPA1,nn,Pittsburgh,R,R-O
LATTSTEPA1,nn,Pittsburgh,R,A
LEEJOEPA1,nn,Pittsburgh,R,R-O
LEEJOEPA1,nn,Pittsburgh,R,A
LEONMICPA1,nn,Pittsburgh,R,R-O
LEONMICPA1,nn,Pittsburgh,R,A
LINDOLIPA1,nn,Pittsburgh,R,R-O
LINDOLIPA1,nn,Pittsburgh,R,A
LYNCPATPA1,nn,Pittsburgh,R,R-O
LYNCPATPA1,nn,Pittsburgh,R,A
MADJDAVPA1,nn,Pittsburgh,R,R-O
MADJDAVPA1,nn,Pittsburgh,R,A
MAFFANGPA1,nn,Pittsburgh,R,R-O
MAFFANGPA1,nn,Pittsburgh,R,A
MAIEBILPA1,nn,Pittsburgh,R,R-O
MAIEBILPA1,nn,Pittsburgh,R,A
MAKAKATPA1,nn,Pittsburgh,R,R-O
MAKAKATPA1,nn,Pittsburgh,R,A
MAKAKATPA2,nn,Pittsburgh,R,A
MALLTANPA1,nn,Pittsburgh,R,R-O
MALLTANPA1,nn,Pittsburgh,R,A
MANNCARPA1,nn,Pittsburgh,R,R-O
MANNCARPA1,nn,Pittsburgh,R,A
MARNMELPA1,nn,Pittsburgh,R,R-O
MARNMELPA1,nn,Pittsburgh,R,A
MATISHAPA1,nn,Pittsburgh,R,R-O
MATISHAPA1,nn,Pittsburgh,R,A
MCAUTEDPA1,nn,Pittsburgh,R,R-O
MCAUTEDPA1,nn,Pittsburgh,R,A
MCCLEESPA1,nn,Pittsburgh,R,R-O
MCCLEESPA1,nn,Pittsburgh,R,A
MCDEDAVPA1,nn,Pittsburgh,R,R-O
MCDEDAVPA1,nn,Pittsburgh,R,A
MCGEMANPA1,nn,Pittsburgh,R,R-O
MCGEMANPA1,nn,Pittsburgh,R,A
MCGRERIPA1,nn,Pittsburgh,R,R-O
MCGRERIPA1,nn,Pittsburgh,R,A
MEALRYAPA1,nn,Pittsburgh,R,R-O
MEALRYAPA1,nn,Pittsburgh,R,A
MEHLMOLPA1,nn,Pittsburgh,R,R-O
MEHLMOLPA1,nn,Pittsburgh,R,A
MILLJEFPA1,nn,Pittsburgh,R,R-O
MILLJEFPA1,nn,Pittsburgh,R,A
MINNJEAPA1,nn,Pittsburgh,R,R-O
MINNJEAPA1,nn,Pittsburgh,R,A
MITCNICPA1,nn,Pittsburgh,R,R-O
MITCNICPA1,nn,Pittsburgh,R,A
MOLLRUSPA1,nn,Pittsburgh,R,R-O
MOLLRUSPA1,nn,Pittsburgh,R,A
MOORMATPA1,nn,Pittsburgh,R,R-O
MOORMATPA1,nn,Pittsburgh,R,A
MORRDOUPA1,nn,Pittsburgh,R,R-O
MORRDOUPA1,nn,Pittsburgh,R,A
MORROESPA1,nn,Pittsburgh,R,R-O
MORROESPA1,nn,Pittsburgh,R,A
MOSSZARPA1,nn,Pittsburgh,R,R-O
MOSSZARPA1,nn,Pittsburgh,R,A
NAILJENPA1,nn,Pittsburgh,R,R-O
NAILJENPA1,nn,Pittsburgh,R,A
NATIAVIPA1,nn,Pittsburgh,R,R-O
NATIAVIPA1,nn,Pittsburgh,R,A
NEWTMICPA1,nn,Pittsburgh,R,A
NIKODONPA1,nn,Pittsburgh,R,R-O
NIKODONPA1,nn,Pittsburgh,R,A
OLMSSTUPA1,nn,Pittsburgh,R,R-O
OLMSSTUPA1,nn,Pittsburgh,R,A
PAPICHRPA1,nn,Pittsburgh,R,R-O
PAPICHRPA1,nn,Pittsburgh,R,A
PARRJOHPA1,nn,Pittsburgh,R,R-O
PARRJOHPA1,nn,Pittsburgh,R,A
PATTMYRPA1,nn,Pittsburgh,R,R-O
PATTMYRPA1,nn,Pittsburgh,R,A
PETETOWPA1,nn,Pittsburgh,R,R-O
PETETOWPA1,nn,Pittsburgh,R,A
PFENCHIPA1,nn,Pittsburgh,R,R-O
PFENCHIPA1,nn,Pittsburgh,R,A
PHILJIMPA1,nn,Pittsburgh,R,R-O
PHILJIMPA1,nn,Pittsburgh,R,A
PIACRICPA1,nn,Pittsburgh,R,R-O
PIACRICPA1,nn,Pittsburgh,R,A
PINKSUSPA1,nn,Pittsburgh,R,R-O
PINKSUSPA1,nn,Pittsburgh,R,A
POINANNPA1,nn,Pittsburgh,R,R-O
POINANNPA1,nn,Pittsburgh,R,A
PRASJOHPA1,nn,Pittsburgh,R,R-O
PRASJOHPA1,nn,Pittsburgh,R,A
PROPSCHPA1,nn,Pittsburgh,R,R-O
PROPSCHPA1,nn,Pittsburgh,R,A
QUIMKIMPA1,nn,Pittsburgh,R,R-O
QUIMKIMPA1,nn,Pittsburgh,R,A
RALSJIMPA1,nn,Pittsburgh,R,R-O
RALSJIMPA1,nn,Pittsburgh,R,A
RASHMICPA1,nn,Pittsburgh,R,R-O
RASHMICPA1,nn,Pittsburgh,R,A
RAVECATPA1,nn,Pittsburgh,R,R-O
RAVECATPA1,nn,Pittsburgh,R,A
RESIMARPA1,nn,Pittsburgh,R,R-O
RESIMARPA1,nn,Pittsburgh,R,A
RICEMICPA1,nn,Pittsburgh,R,A
RIGAMARPA1,nn,Pittsburgh,R,R-O
RIGAMARPA1,nn,Pittsburgh,R,A
ROCKJESPA1,nn,Pittsburgh,R,A
ROMESUZPA1,nn,Pittsburgh,R,R-O
ROMESUZPA1,nn,Pittsburgh,R,A
RYANCATPA1,nn,Pittsburgh,R,R-O
RYANCATPA1,nn,Pittsburgh,R,A
SABLKARPA1,nn,Pittsburgh,R,R-O
SABLKARPA1,nn,Pittsburgh,R,A
SACHLARPA1,nn,Pittsburgh,R,R-O
SACHLARPA1,nn,Pittsburgh,R,A
SADLCHRPA1,nn,Pittsburgh,R,R-O
SADLCHRPA1,nn,Pittsburgh,R,A
SAHNRAMPA1,nn,Pittsburgh,R,R-O
SAHNRAMPA1,nn,Pittsburgh,R,A
SAVALETPA1,nn,Pittsburgh,R,R-O
SAVALETPA1,nn,Pittsburgh,R,A
SAXTCHRPA1,nn,Pittsburgh,R,R-O
SAXTCHRPA1,nn,Pittsburgh,R,A
SCHLJOYPA1,nn,Pittsburgh,R,R-O
SCHLJOYPA1,nn,Pittsburgh,R,A
SCHNLAUPA1,nn,Pittsburgh,R,R-O
SCHNLAUPA1,nn,Pittsburgh,R,A
SEVEMARPA1,nn,Pittsburgh,R,R-O
SEVEMARPA1,nn,Pittsburgh,R,A
SHAIKAIPA1,nn,Pittsburgh,R,R-O
SHAIKAIPA1,nn,Pittsburgh,R,A
SOLOJACPA1,nn,Pittsburgh,R,R-O
SOLOJACPA1,nn,Pittsburgh,R,A
SPRIHILPA1,nn,Pittsburgh,R,R-O
SPRIHILPA1,nn,Pittsburgh,R,A
STACTIMPA1,nn,Pittsburgh,R,R-O
STACTIMPA1,nn,Pittsburgh,R,A
STALJUDPA1,nn,Pittsburgh,R,R-O
STALJUDPA1,nn,Pittsburgh,R,A
STEIJANPA1,nn,Pittsburgh,R,R-O
STEIJANPA1,nn,Pittsburgh,R,A
STERKATPA1,nn,Pittsburgh,R,R-O
STERKATPA1,nn,Pittsburgh,R,A
STORLISPA1,nn,Pittsburgh,R,R-O
STORLISPA1,nn,Pittsburgh,R,A
TABACARPA1,nn,Pittsburgh,R,R-O
TABACARPA1,nn,Pittsburgh,R,A
TABARENPA1,nn,Pittsburgh,R,R-O
TABARENPA1,nn,Pittsburgh,R,A
TEAMKARPA1,nn,Pittsburgh,R,R-O
TEAMKARPA1,nn,Pittsburgh,R,A
THOMDEBPA1,nn,Pittsburgh,R,R-O
THOMDEBPA1,nn,Pittsburgh,R,A
THOMMARPA1,nn,Pittsburgh,R,A
VASAJODPA1,nn,Pittsburgh,R,R-O
VASAJODPA1,nn,Pittsburgh,R,A
VIDAREBPA1,nn,Pittsburgh,R,R-O
VIDAREBPA1,nn,Pittsburgh,R,A
VIDIJULPA1,nn,Pittsburgh,R,R-O
VIDIJULPA1,nn,Pittsburgh,R,A
WALDSCHPA1,nn,Pittsburgh,R,R-O
WALDSCHPA1,nn,Pittsburgh,R,A
WALKJOEPA1,nn,Pittsburgh,R,R-O
WALKJOEPA1,nn,Pittsburgh,R,A
WALKJOEPA2,nn,Pittsburgh,R,A
WEINANIPA1,nn,Pittsburgh,R,R-O
WEINANIPA1,nn,Pittsburgh,R,A
WEISDONPA1,nn,Pittsburgh,R,R-O
WEISDONPA1,nn,Pittsburgh,R,A
WIDESTAPA1,nn,Pittsburgh,R,R-O
WIDESTAPA1,nn,Pittsburgh,R,A
WILEBRAPA1,nn,Pittsburgh,R,R-O
WILEBRAPA1,nn,Pittsburgh,R,A
WILKAMYPA1,nn,Pittsburgh,R,R-O
WILKAMYPA1,nn,Pittsburgh,R,A
WINSRAYPA1,nn,Pittsburgh,R,R-O
WINSRAYPA1,nn,Pittsburgh,R,A
WISSDAMPA1,nn,Pittsburgh,R,R-O
WISSDAMPA1,nn,Pittsburgh,R,A
WOHLLYNPA1,nn,Pittsburgh,R,R-O
WOHLLYNPA1,nn,Pittsburgh,R,A
WOLFMELPA1,nn,Pittsburgh,R,R-O
WOLFMELPA1,nn,Pittsburgh,R,A
YEANDAVPA1,nn,Pittsburgh,R,R-O
YEANDAVPA1,nn,Pittsburgh,R,A
YMCAHOMPA1,nn,Pittsburgh,R,A
YODELAUPA1,nn,Pittsburgh,R,R-O
YODELAUPA1,nn,Pittsburgh,R,A
NA,nn,Pittsburgh,R,A
ARGEGIONC1,nn,Raleigh,R,A
AUSTCLANC1,nn,Raleigh,R,A
BACHMARNC1,nn,Raleigh,R,A
BAILPATNC1,nn,Raleigh,R,A
BEARKARNC1,nn,Raleigh,R,A
BEEGERLNC1,nn,Raleigh,R,A
BOBAMICNC1,nn,Raleigh,R,A
BOTHVERNC1,nn,Raleigh,R,R-O
BROANANNC1,nn,Raleigh,R,A
BUDNNORNC1,nn,Raleigh,R,A
BURGRENNC1,nn,Raleigh,R,A
BURNDENNC1,nn,Raleigh,R,A
CAMPSUSNC1,nn,Raleigh,R,A
CASTTOMNC1,nn,Raleigh,R,A
COLLJUDNC1,nn,Raleigh,R,A
CONNJOHNC1,nn,Raleigh,R,A
CORBAMYNC1,nn,Raleigh,R,A
COSTHOWNC1,nn,Raleigh,R,A
COTTVANNC1,nn,Raleigh,R,A
CRAIJOSNC1,nn,Raleigh,R,A
DAGGNATNC1,nn,Raleigh,R,A
DEBRMARNC1,nn,Raleigh,R,A
DEGELAUNC1,nn,Raleigh,R,A
DOWDMIRNC1,nn,Raleigh,R,A
DURBLAUNC1,nn,Raleigh,R,A
FERNKARNC1,nn,Raleigh,R,A
FOSTSTENC1,nn,Raleigh,R,A
FRANMICNC1,nn,Raleigh,R,A
GALLLENNC1,nn,Raleigh,R,A
GERWJOHNC1,nn,Raleigh,R,A
GLORPETNC1,nn,Raleigh,R,A
GOINJANNC1,nn,Raleigh,R,A
HAGACOUNC1,nn,Raleigh,R,R-O
HAHNMARNC1,nn,Raleigh,R,A
HANSAMYNC1,nn,Raleigh,R,A
HARABARNC1,nn,Raleigh,R,A
HARPMOLNC1,nn,Raleigh,R,R-O
HARVSUENC1,nn,Raleigh,R,A
HENRJAYNC1,nn,Raleigh,R,R-O
HINTLORNC1,nn,Raleigh,R,A
IVESALINC1,nn,Raleigh,R,A
JENSKEINC1,nn,Raleigh,R,A
JOHNMIKNC1,nn,Raleigh,R,A
JOHNNORNC1,nn,Raleigh,R,A
KALIELINC1,nn,Raleigh,R,A
KANEEVANC1,nn,Raleigh,R,A
KARALIZNC1,nn,Raleigh,R,A
KEATELINC1,nn,Raleigh,R,A
KELSBRENC1,nn,Raleigh,R,R-O
KNIGKENNC1,nn,Raleigh,R,A
LADYKENNC1,nn,Raleigh,R,A
LANETARNC1,nn,Raleigh,R,A
LIPSMARNC1,nn,Raleigh,R,A
LOFLKATNC1,nn,Raleigh,R,A
MANDMARNC1,nn,Raleigh,R,A
MCCODINNC1,nn,Raleigh,R,A
MCCRSARNC1,nn,Raleigh,R,A
MEADRUTNC1,nn,Raleigh,R,A
MICCANNNC1,nn,Raleigh,R,R-O
MOSELYNNC1,nn,Raleigh,R,A
NEWTROBNC1,nn,Raleigh,R,A
NICHGLONC1,nn,Raleigh,R,R-O
OSBEBARNC1,nn,Raleigh,R,R-O
OWENEDDNC1,nn,Raleigh,R,A
PENNGRANC1,nn,Raleigh,R,R-O
PICKADANC1,nn,Raleigh,R,A
POTEMARNC1,nn,Raleigh,R,R-O
PRAIRIDNC1,nn,Raleigh,R,A
PRESANNNC1,nn,Raleigh,R,A
ROBELINNC1,nn,Raleigh,R,A
ROSETRANC1,nn,Raleigh,R,A
RUDDLINNC1,nn,Raleigh,R,A
SALITYLNC1,nn,Raleigh,R,A
SANFTIFNC1,nn,Raleigh,R,A
SENZIRINC1,nn,Raleigh,R,A
SIMPEDWNC1,nn,Raleigh,R,A
SKRALOUNC1,nn,Raleigh,R,A
SORECLYNC1,nn,Raleigh,R,A
SPEAMARNC1,nn,Raleigh,R,R-O
SPEAMARNC2,nn,Raleigh,R,A
TAYLJERNC1,nn,Raleigh,R,A
WALNCRENC1,nn,Raleigh,R,A
WALTANNNC1,nn,Raleigh,R,A
WANGMATNC1,nn,Raleigh,R,A
WHEEJENNC1,nn,Raleigh,R,A
WILLAMBNC1,nn,Raleigh,R,A
WILLCAINC1,nn,Raleigh,R,A
WOLFMARNC1,nn,Raleigh,R,R-O
WOUKKARNC1,nn,Raleigh,R,A
AKREMICMA1,nn,Springfield,R,R-O
AKREMICMA2,nn,Springfield,R,A
AMESBURMA1,nn,Springfield,R,R-O
ANDEHALMA1,nn,Springfield,R,A
ARCADIAMA1,nn,Springfield,R,A
ATHEJIMMA1,nn,Springfield,R,A
BAKENANMA1,nn,Springfield,R,A
BARDBARMA1,nn,Springfield,R,R-O
BARSTINMA1,nn,Springfield,R,R-O
BELMMELMA1,nn,Springfield,R,R-O
BENNBILMA1,nn,Springfield,R,A
BESWMICMA1,nn,Springfield,R,D
BLECLANMA1,nn,Springfield,R,R-O
BLONDAVMA1,nn,Springfield,R,A
BODKANNMA1,nn,Springfield,R,A
BOUDLYNMA1,nn,Springfield,R,A
BOWEJOHMA1,nn,Springfield,R,A
BOYLCOLMA1,nn,Springfield,R,A
BRIDNATMA1,nn,Springfield,R,A
BRODDORMA1,nn,Springfield,R,A
BROOBOBMA1,nn,Springfield,R,R-O
BULLTHOMA1,nn,Springfield,R,A
BURGMARMA1,nn,Springfield,R,R-O
BURNNIKMA1,nn,Springfield,R,A
CALLEVEMA1,nn,Springfield,R,A
CALVCARMA1,nn,Springfield,R,A
CANCYOLMA1,nn,Springfield,R,A
CANNANNMA1,nn,Springfield,R,A
CASEWENMA1,nn,Springfield,R,R-O
CHARANDMA1,nn,Springfield,R,A
CHICOBGMA1,nn,Springfield,R,A
CHILDPSMA1,nn,Springfield,R,A
CLARBRYMA1,nn,Springfield,R,A
CODYMELMA1,nn,Springfield,R,R-O
CONZBRIMA1,nn,Springfield,R,A
COURAUDMA1,nn,Springfield,R,D
CUSHTANMA1,nn,Springfield,R,R-O
DAVIJUDMA1,nn,Springfield,R,R-O
DAVILAUMA1,nn,Springfield,R,A
DELUBILMA1,nn,Springfield,R,A
DOPPJANMA1,nn,Springfield,R,A
DOYLPHIMA1,nn,Springfield,R,A
DROLBARMA1,nn,Springfield,R,R-O
ECOSFPMA1,nn,Springfield,R,A
ELLIBARMA1,nn,Springfield,R,R-O
EMERSWPMA1,nn,Springfield,R,A
ESPIJUDMA1,nn,Springfield,R,R-O
FAERHOWMA1,nn,Springfield,R,A
FEINLISMA1,nn,Springfield,R,A
FORDSUSMA1,nn,Springfield,R,A
FORTJOAMA1,nn,Springfield,R,D
FORTMARMA1,nn,Springfield,R,R-O
GAIEMELMA1,nn,Springfield,R,A
GIARORCMA1,nn,Springfield,R,R-O
GILLESMA1,nn,Springfield,R,A
GIRLSINMA1,nn,Springfield,R,A
GOLDBETMA1,nn,Springfield,R,R-O
GOODNANMA1,nn,Springfield,R,A
GREERICMA1,nn,Springfield,R,R-O
GRIFRACMA1,nn,Springfield,R,A
GRUBBECMA1,nn,Springfield,R,D
GUISKATMA1,nn,Springfield,R,R-O
HALALEEMA1,nn,Springfield,R,A
HALLJENMA1,nn,Springfield,R,A
HAMMSHIMA1,nn,Springfield,R,A
HAYEROBMA1,nn,Springfield,R,D
HAZZANNMA1,nn,Springfield,R,A
HENDANNMA1,nn,Springfield,R,R-O
HIGGBETMA1,nn,Springfield,R,A
HIGHELEMA1,nn,Springfield,R,A
HILBLAUMA1,nn,Springfield,R,R-O
HILLSALMA1,nn,Springfield,R,A
HODGBENMA1,nn,Springfield,R,A
HOLYOBGMA1,nn,Springfield,R,A
HOLYOYMMA1,nn,Springfield,R,R-O
HOWAJANMA1,nn,Springfield,R,A
JAKUJULMA1,nn,Springfield,R,A
JAKUSTEMA1,nn,Springfield,R,A
JOHAHEAMA1,nn,Springfield,R,A
JONEJULMA1,nn,Springfield,R,R-O
JONEJULMA2,nn,Springfield,R,A
JORGJANMA1,nn,Springfield,R,A
KANEBRIMA1,nn,Springfield,R,A
KAPLRACMA1,nn,Springfield,R,R-O
KELLSETMA1,nn,Springfield,R,A
KINGDAVMA1,nn,Springfield,R,A
KINGGEOMA1,nn,Springfield,R,A
KISTSANMA1,nn,Springfield,R,R-O
KLOTBRUMA1,nn,Springfield,R,A
LABOPEGMA1,nn,Springfield,R,A
LAMBJANMA1,nn,Springfield,R,R-O
LANGPETMA1,nn,Springfield,R,A
LAPPHENMA1,nn,Springfield,R,A
LATHJANMA1,nn,Springfield,R,A
LEARKATMA1,nn,Springfield,R,R-O
LEELINDMA1,nn,Springfield,R,D
LERMSUSMA1,nn,Springfield,R,R-O
LEWASUSMA1,nn,Springfield,R,A
MALTELIMA1,nn,Springfield,R,A
MARTJUAMA1,nn,Springfield,R,A
MATHLYNMA1,nn,Springfield,R,A
MATUKEVMA1,nn,Springfield,R,A
MCKEERIMA1,nn,Springfield,R,A
MCKICAIMA1,nn,Springfield,R,A
MCMAANDMA1,nn,Springfield,R,R-O
MERIMARMA1,nn,Springfield,R,A
MIRKJOEMA1,nn,Springfield,R,A
MORETONMA1,nn,Springfield,R,A
MORRDONMA1,nn,Springfield,R,D
MURPELEMA1,nn,Springfield,R,A
MURPTHEMA1,nn,Springfield,R,R-O
NELSKATMA1,nn,Springfield,R,R-O
NORMMONMA1,nn,Springfield,R,R-O
NUESTFAMA1,nn,Springfield,R,R-O
PAGEALLMA1,nn,Springfield,R,A
PARKFORMA1,nn,Springfield,R,A
PELLVOLMA1,nn,Springfield,R,A
PICKSALMA1,nn,Springfield,R,A
PIEPSUSMA1,nn,Springfield,R,A
PRANSABMA1,nn,Springfield,R,R-O
REIDLOLMA1,nn,Springfield,R,A
RICHALMA1,nn,Springfield,R,A
RINADAVMA1,nn,Springfield,R,A
ROBIBEAMA1,nn,Springfield,R,D
ROCHJPMA1,nn,Springfield,R,R-O
ROGEANDMA1,nn,Springfield,R,A
ROMANICMA1,nn,Springfield,R,A
ROSEJOSMA1,nn,Springfield,R,A
ROSNEDWMA1,nn,Springfield,R,A
RYANJOSMA1,nn,Springfield,R,R-O
RYBAELAMA1,nn,Springfield,R,A
SCHOGREMA1,nn,Springfield,R,R-O
SCIBLINMA1,nn,Springfield,R,R-O
SHEAMARMA1,nn,Springfield,R,A
SHEPLYNMA1,nn,Springfield,R,D
SHERALEMA1,nn,Springfield,R,A
SINIKRIMA1,nn,Springfield,R,A
SLONJOHMA1,nn,Springfield,R,R-O
SLONSUSMA1,nn,Springfield,R,A
SPLAMARMA1,nn,Springfield,R,R-O
SPLAMARMA2,nn,Springfield,R,A
SPRIBGCMA1,nn,Springfield,R,A
SPRINBGMA1,nn,Springfield,R,R-O
SPRINRSMA1,nn,Springfield,R,R-O
STEMMSMA1,nn,Springfield,R,A
STEPJANMA1,nn,Springfield,R,A
STEVSADMA1,nn,Springfield,R,A
STIEDAVMA1,nn,Springfield,R,D
SURNSANMA1,nn,Springfield,R,A
SURNSCOMA1,nn,Springfield,R,A
SVECSTEMA1,nn,Springfield,R,R-O
TAMBJUDMA1,nn,Springfield,R,A
THERLARMA1,nn,Springfield,R,A
TOSCPAMMA1,nn,Springfield,R,A
TOUCWENMA1,nn,Springfield,R,A
VALLMEGMA1,nn,Springfield,R,R-O
VARLKARMA1,nn,Springfield,R,R-O
VEARRICMA1,nn,Springfield,R,A
VERSMATMA1,nn,Springfield,R,A
WALSMELMA1,nn,Springfield,R,A
WARRPAIMA1,nn,Springfield,R,A
WEBERCAMA1,nn,Springfield,R,R-O
WESCCATMA1,nn,Springfield,R,A
WHELGWEMA1,nn,Springfield,R,A
WILDSIEMA1,nn,Springfield,R,A
WILLJUDMA1,nn,Springfield,R,A
WILSMARMA1,nn,Springfield,R,R-O
WIRZCARMA1,nn,Springfield,R,R-O
WOODSANMA1,nn,Springfield,R,R-O
YOUNLINMA1,nn,Springfield,R,A
ZEPHPATMA1,nn,Springfield,R,R-O
ZEPKJANMA1,nn,Springfield,R,A
ZIMMBOBMA1,nn,Springfield,R,R-O
ZINNMARMA1,nn,Springfield,R,R-O
BIKEPARCO1,grcaMigration,NA,O,A
CLYDESHGA1,grcaMigration,NA,O,A
LORYSPKCO1,grcaMigration,NA,O,A
NZPAMERDC1,grcaMigration,DC,O,A
NZPPARDDC1,grcaMigration,DC,O,A
OPALDPAMD1,grcaMigration,NA,O,A
PANJARVCO1,grcaMigration,NA,O,A
PINERIDCO1,grcaMigration,DC,O,A
RUSHSTEGA1,grcaMigration,NA,R,A
SLIGOPKMD1,grcaMigration,NA,O,A
SMITHCADC1,grcaMigration,DC,O,A
SPRINPKMD1,grcaMigration,NA,O,A
WHEATPKMD1,grcaMigration,NA,O,A
WOODLGAGA1,grcaMigration,NA,O,A
LERMSUSMA2,NN,Springfield,R,A
